token_address,category,category_label,launch_at,all_trades,filtered_trades,volume_usd,unique_wallets,first_trade_time,last_trade_time,note
0xf93e22979fc83615b744bea9f151b0d7cd8a7777,low_quality,"低质量",1771862758,8,7,1124.41,7,0,87,""
0x976a0d33b8c90ac6ed9b258f3fc6590193677777,low_quality,"低质量",1771909850,16,14,1355.69,14,0,83,""
0xa1d95feb74696f6c748f20c5d177a4ad5b027777,fake_pump,"流水盘",1772179829,23,20,1017.38,19,0,89,""
0x7eb9c9f142984b0008a3227047b5b49655aa4444,fake_pump,"流水盘",1772090103,99,58,1095.64,47,0,86,""
0x7d44e9d546b2d00d2bcabdcd84e95ba60bde7777,low_quality,"低质量",1772175116,3,2,138.33,2,0,29,""
0x719920ba8e22419057bd7c21f72df8e3f7187777,low_quality,"低质量",1771919903,18,18,1761.75,15,0,75,""
0x021886168601517ca3aa3d63267b4268317c7777,mid_quality,"中质量",1772180844,6,3,774.31,2,0,46,""
0x0f71d082dc9b555ab600d14704f2e4d7274a7777,low_quality,"低质量",1772183425,12,11,1550.60,11,0,84,""
0xeecfb42d44e1b21ef5bf373d54eaea121fa37777,low_quality,"低质量",1771918097,4,3,1308.33,3,0,76,""
0x0dc5f5ad790f0192b18df9bce830dcc885067777,low_quality,"低质量",1772176039,10,9,563.15,8,0,87,""
0x8e46a33467a0106740eb04d65ceea0fb00cd7777,low_quality,"低质量",1772172350,27,24,2639.69,18,0,86,""
0xd609fc0f5fdcd528433a1f75fde5a7cccaa24444,mid_quality,"中质量",1771908898,88,51,5226.83,27,0,78,""
0x579205402816d19b511bb3d6fab8fb4017a8ffff,low_quality,"低质量",1772174546,202,148,11586.09,66,0,86,""
0xf49ee1083c2a26809676afc73ba35ab611147777,low_quality,"低质量",1772171709,7,6,859.31,6,0,86,""
0x2f83b1ca2a28d086f55fff3b425f64a351c67777,mid_quality,"中质量",1772186649,0,0,0.00,0,,,""
0xfbc1e9e8119822e9c598b143d575f7f474587777,mid_quality,"中质量",1772186094,22,18,1747.96,17,0,89,""
0x1002c47597f3fa1490dd72e93f301a8bb75a7777,low_quality,"低质量",1771900051,18,14,1108.16,11,0,89,""
0xe2f61b843fe24f8abb9cd9b9edf592f44e124444,mid_quality,"中质量",1771913896,82,73,8546.00,44,0,89,""
0x5a48e524aacb24767780e0fe6d11ab8c42187777,mid_quality,"中质量",1772172354,12,12,1261.47,12,0,77,""
0x9fd6b41a1c5098a7f5100881bd8cb8f112a14444,mid_quality,"中质量",1772174572,97,74,10510.01,49,0,88,""
0xb4c3138b6ab0f31d3d57e26279c77f7ecc367777,low_quality,"低质量",1771858074,25,22,2159.46,11,0,64,""
0x28ade4ad29fed20ca1e565ffd6945c515b864444,low_quality,"低质量",1772101817,457,342,38193.44,147,0,89,""
0x097bd0c5cd0f453002c7930db244ad8c5c3b4444,fake_pump,"流水盘",1772090605,69,65,4056.74,62,0,89,""
0x2020650678a31be3333128f63c6c86cf999e7777,low_quality,"低质量",1771866034,4,4,239.58,4,0,85,""
0x23a6491b3ada9bfbf805744ad96c9b949d9c4444,fake_pump,"流水盘",1772088896,46,40,5142.02,38,0,61,""
0xdeae440b6d0c42215279f3b5c230847520457777,low_quality,"低质量",1771917953,12,11,1220.75,9,0,80,""
0x30d6e951ef1b626c1d8b68e58722b37453614444,low_quality,"低质量",1772190497,348,271,26428.76,111,0,89,""
0xd3012126345dcd1bb85915ca3e426682410a4444,fake_pump,"流水盘",1772193504,61,16,1802.16,14,0,89,""
0x3ca08b6608775e483272b6d24ea82ee6a8464444,low_quality,"低质量",1772034199,222,170,20477.10,89,0,89,""
0x9267bf885d226982123129c9d42bc45083c27777,low_quality,"低质量",1772031803,4,3,304.59,2,0,19,""
0x3de995587d4d6a1d9c00bc2c12a412714a007777,low_quality,"低质量",1772026665,1,0,0.00,0,0,0,""
0x456d8306c4f855e644e5d4076ea00351cabe7777,mid_quality,"中质量",1772020347,107,78,8565.51,42,0,87,""
0xa9299344ee372e78b347fa1507648bb32dbd4444,low_quality,"低质量",1772092844,195,139,14208.27,69,0,89,""
0x358c17ccf623c7cd097b9b8e63e5d38a49e87777,fake_pump,"流水盘",1772047318,0,0,0.00,0,,,""
0x306238b3fd66fa7c02d87384d8fcc74019e84444,mid_quality,"中质量",1772100951,57,54,10729.28,34,0,89,""
0xb179545567d2ea1b380b107d88448b1ce4714444,fake_pump,"流水盘",1772092930,57,30,697.70,27,0,84,""
0x47fe94a0e93043fe4bf0d5e1981d56d49ce97777,low_quality,"低质量",1772027609,5,1,1780.38,1,0,74,""
0xf7c09187068bafc8ca0480fb08de5d5c8bb84444,low_quality,"低质量",1772093455,142,105,11821.94,50,0,89,""
0xa13cd47f76e45db3cc02eb66859b5610a7484444,low_quality,"低质量",1772093558,98,86,10145.32,45,0,89,""
0xd1a14c03a17bba505b69bf2095439bd388557777,fake_pump,"流水盘",1772093670,38,25,2419.32,18,0,87,""
0x1b03b6169a4cb61b7c460a21b33b10dcda5c4444,high_quality,"高质量",1772175154,242,176,18012.79,81,0,88,""
0xb8f40e15abca42566a0ba58a87aa0ebbdf027777,mid_quality,"中质量",1772094401,0,0,0.00,0,,,""
0x2c512bf3e0594df3cb8372c1f962be999a884444,mid_quality,"中质量",1772095471,95,71,7265.15,40,0,89,""
0xab204c47f291a6a9ce235c617b461c5ad0754444,fake_pump,"流水盘",1772095506,24,17,965.36,16,0,83,""
0xb5e0c65e5a2c1a542cfc27bd19ba8904dd494444,fake_pump,"流水盘",1772095595,5,3,1700.40,2,0,75,""
0xd2714b7e9ac276acb8a285cbd6b9d23ce81d4444,fake_pump,"流水盘",1772096411,45,43,1334.53,42,0,73,""
0x6d8fa7ec3510194b049e6841000390b16ccc7777,high_quality,"高质量",1772096929,0,0,0.00,0,,,""
0x2d38770ba14bd55a8148ada4497e584f053c4444,low_quality,"低质量",1772193612,11,11,2628.53,7,0,85,""
0x3484c1adcf8885e8a8b0116e9a9e33bbeb194444,fake_pump,"流水盘",1772097365,34,24,2086.48,18,0,88,""
0x8094c58841ae25dd558a12381583415c5f7b4444,fake_pump,"流水盘",1772125457,45,22,584.14,21,0,86,""
0xc7702ef4da5fb875bc7ded31aa91882607b04444,low_quality,"低质量",1772193709,2,2,243.08,1,0,17,""
0x67d76405959b041278dd251ffea1bf7cb9c84444,fake_pump,"流水盘",1772123418,17,12,523.42,8,0,71,""
0x1dfcd1b13df1c57a1d9f6fb7764fc1aea8744444,low_quality,"低质量",1772098003,201,125,13956.48,54,0,88,""
0x29e63541b307380b08910712745661e8f1a74444,fake_pump,"流水盘",1772098056,36,28,986.30,28,0,88,""
0x9eaed7b586550a3e2a8aea727b07da1530eaffff,low_quality,"低质量",1772098372,158,125,17067.63,65,0,89,""
0x2969c2614cb302c1343f512360cf05029bbf4444,fake_pump,"流水盘",1772098449,38,33,4267.11,32,0,89,""
0x85c9be42d24ef3dc89c88c2b2c638c181e184444,low_quality,"低质量",1772098400,28,20,2918.51,11,0,83,""
0x4f59cd0a7a43f2345c78d9d6e70e24b955944444,low_quality,"低质量",1772175984,4,3,683.44,2,0,61,""
0xf810c822624fc199a45700196a9e14c46a564444,mid_quality,"中质量",1772098738,369,231,27225.02,91,0,89,""
0xfcf9f02d931d6dbf339bb3d0d2af08c5b3fb4444,mid_quality,"中质量",1772100008,336,277,32993.32,120,0,89,""
0x485cd3d6003ae4a3aec6e9447c5369bf48eb4444,low_quality,"低质量",1772176633,96,71,7311.44,44,0,88,""
0x81c5cc8d22ff28479b4da70bb062b685ca4f4444,low_quality,"低质量",1772099036,142,107,9262.90,50,0,88,""
0xac8c570ed569eeaf86eca6f8dc84580ab3864444,low_quality,"低质量",1772176747,96,62,6284.60,32,0,89,""
0xf8abcec20c163166a01da034856c145a1b104444,low_quality,"低质量",1772099188,159,121,17758.29,43,0,86,""
0x4b8cfebdf403323fdd6a79aebd0a665c2af57777,fake_pump,"流水盘",1772090975,17,15,699.74,15,0,76,""
0xbdce2c1175f4fe9ac5af6b1205fd08b834814444,low_quality,"低质量",1772194202,45,14,246.56,13,0,84,""
0xaeb0f19e7cff6bd500fc22e98e07c2f8221c4444,low_quality,"低质量",1772193907,120,100,9288.55,40,0,88,""
0x2133b9613d376662a5fac9cfbc93598bc08b4444,low_quality,"低质量",1772194055,149,127,12951.13,57,0,86,""
0xc11f0332e27ac078110bea58bdb36b71896f4444,fake_pump,"流水盘",1772194445,60,13,204.78,12,0,85,""
0x98aa4410467549e02a355de5b06ad2e3ec68ffff,fake_pump,"流水盘",1772194541,19,17,11909.77,15,0,9,""
0x8ab7340f2991fd58d051996bb8ab13e359794444,mid_quality,"中质量",1772194536,561,441,50739.60,210,0,89,""
0x4de05082e8808d240009e0265f5bad2950054444,fake_pump,"流水盘",1772195137,4,2,243.83,2,0,16,""
0x0d9029e6bb7d7abb6885d05ecedd7d70099c4444,low_quality,"低质量",1772195353,72,19,373.17,16,0,84,""
0x83bc37edfb7c63429d13fa4153e806fde05a4444,low_quality,"低质量",1772195634,63,49,6783.77,26,0,86,""
0xca32e994cd981429f38c954684f73cfe68084444,mid_quality,"中质量",1772195691,0,0,0,0,,,
0x54ac1fe285b8027c0f79d3a643971494d00f4444,fake_pump,"流水盘",1772195839,0,0,0,0,,,
0xa758d92f6f4ea9753509ec39473039b9c9ae4444,low_quality,"低质量",1772196181,0,0,0,0,,,
0xd541c696897bef7723d81d6f5a2ce36589f44444,fake_pump,"流水盘",1772196399,0,0,0,0,,,
0x3b39ba57251175e95ff1909b45e06428e4157777,mid_quality,"中质量",1772192905,20,16,2018.25,11,0,84,""
0x3b71f03c30d38806d0864e05f706084578827777,low_quality,"低质量",1772194725,76,66,7415.83,40,0,89,""
0xb4d3d3a049477a0a6808dd73e3a6c9302f567777,low_quality,"低质量",1772190481,21,18,1763.89,11,0,69,""
0x20fa2c60c41ca03c601ec3f0ca81ddba26c47777,low_quality,"低质量",1772195024,13,12,756.64,11,0,66,""
0x2c8fa412a86eae8547f4b11e0b3e2fcda1917777,mid_quality,"中质量",1772192841,56,46,5357.12,26,0,81,""
0x8b537ac4282b37a92ff3d6fb0df48ffde5a27777,low_quality,"低质量",1772193263,0,0,0.00,0,,,""
0xf999f3d47db25e9ae450e5dddc5a2244484f7777,fake_pump,"流水盘",1772191081,18,17,1106.54,16,0,86,""
0xd2cb45f3a10c643bf5333f71f3cd68f486607777,fake_pump,"流水盘",1772192658,23,21,1101.82,21,0,89,""
0x49874292f0bf51470b6e3c3352002589b12f7777,high_quality,"高质量",1772193855,0,0,0.00,0,,,""
0x18e3b25fce56a96ce5f6fe2c3b7f5aeb531d7777,mid_quality,"中质量",1772193687,0,0,0.00,0,,,""
0xe66e09a8c2ce585e4a8961276a3aa9cf4c897777,mid_quality,"中质量",1772191917,0,0,0.00,0,,,""
0x1372e57ce25882ad6abf47e82ea8659f7eff8888,mid_quality,"中质量",1772194577,19,19,1796.67,19,0,83,""
0xc1926064af200b36076a88b8d6d449743e074444,mid_quality,"中质量",1772202783,25,20,878.16,20,0,80,""
0x8f2135cdcf36d0fe554a6efde25bdc3a20824444,low_quality,"低质量",1772202847,34,30,3338.06,21,0,88,""
0xfb4183758d74f4e033c57fff499b84cf952c4444,low_quality,"低质量",1772202839,5,3,606.76,1,0,69,""
0xd9c5bfab3e9f190e2d8deeeb29bd127840207777,fake_pump,"流水盘",1772203241,40,15,777.80,8,0,88,""
0x20b19cd1c0f44688636e42f1950a9b898b324444,low_quality,"低质量",1772203626,34,25,1966.60,10,0,79,""
0xb27e24ec6d74f22be8b60df69ef5d197815f7777,fake_pump,"流水盘",1772203694,19,18,1008.42,16,0,86,""
0xab59baaa834f277f1836c15aa27f7e5583227777,fake_pump,"流水盘",1772203474,37,35,1659.64,18,0,86,""
0x32c8c532f99bf7c23f7273583804c5f11cbb4444,low_quality,"低质量",1772203882,31,27,6093.74,12,0,84,""
0x66f13653851823ffad418359cdae03f532937777,fake_pump,"流水盘",1772203948,14,9,444.56,9,0,55,""
0xc82dc5cec8f5d7c0ae68fa5ca5ea821623f8ffff,mid_quality,"中质量",1772204357,279,215,26243.44,113,0,88,""
0xc53917e6c4a210adc07472fd50ae501aeddc7777,fake_pump,"流水盘",1772204566,13,11,707.46,11,0,85,""
0x11ab72af4ba7c8934784385bda8773ee5af47777,low_quality,"低质量",1772204635,9,7,333.34,6,0,82,""
0x375ad3796eda5f493bbc9ecb5a46e9390ef14444,low_quality,"低质量",1772205229,8,8,1831.26,5,0,83,""
0x59635d6538cd28b90cce063c6d531f8e2b694444,mid_quality,"中质量",1772205402,49,44,4641.70,41,0,85,""
0xf96d95489d54bd96851a0ad62ebb07d757264444,low_quality,"低质量",1772205452,9,8,1123.79,4,0,29,""
0xec96f06b286c2a40a0f054accd40fe10f43c7777,fake_pump,"流水盘",1772205505,14,12,849.15,12,0,81,""
0xead4c1c9bea537a3c194a286ea2c2abbda9f4444,low_quality,"低质量",1772205541,40,37,4184.92,14,0,87,""
0xcac7d344f3b66ded61cc594df278d7be33db7777,low_quality,"低质量",1772206771,8,3,217.06,3,0,58,""
0x660eb4d038b91a1371629f1e63a0f9b64d234444,low_quality,"低质量",1772207095,83,74,8365.89,42,0,88,""
0x696184697a20f4290e35059e7cf2e9c865b14444,low_quality,"低质量",1772207383,7,5,449.11,2,0,88,""
0x3cc2949db8e00e2e327e8b95d619eba4514a4444,low_quality,"低质量",1772207618,3,3,3016.43,1,0,71,""
0xcfa9d03decf0b195f1dd4cbacac4c6eba6f14444,low_quality,"低质量",1772208123,17,17,1795.78,8,0,71,""
0x7b5ac0429b714c111f3acc0134415a596eaf7777,mid_quality,"中质量",1772208335,3,3,394.71,3,0,40,""
0x58a4cd71766bd779e3861c9470ec4d71ca984444,low_quality,"低质量",1772208425,17,11,1327.78,9,0,81,""
0x802621b1f01b218ecc6a7bb81bcadfa36aa64444,low_quality,"低质量",1772208794,60,49,6652.23,29,0,88,""
0x5cfc78713cd16933d6e03121406f039b7d267777,low_quality,"低质量",1772209185,8,7,686.82,7,0,73,""
0x58de8c2c64eb1d791e95bfe264237e300c2a4444,low_quality,"低质量",1772209599,43,27,2976.76,20,0,82,""
0x4a302f3ad38738c32941dabeda587b165ca14444,low_quality,"低质量",1772209873,9,6,677.39,6,0,87,""
0x31205a5daa90f7412939c4ffcb7821b95f6b7777,low_quality,"低质量",1772210162,4,4,781.72,3,0,88,""
0xfa7d9b72cb4103f1b0938651c20983deaed64444,low_quality,"低质量",1772210237,9,7,1062.36,5,0,78,""
0xcf23eda40b241d1e0bd1c90388ba30b999c04444,low_quality,"低质量",1772210924,28,21,3257.05,9,0,62,""
0xce15fc13ab73e885df23631bfcde26cc2ee14444,low_quality,"低质量",1772210990,80,56,4627.98,31,0,83,""
0xe9562da1b32d978dc23048e5e1339d4615df7777,low_quality,"低质量",1772211012,7,7,1025.89,7,0,82,""
0x954d795c5ee048bbc6b8c952ecf230674e77ffff,low_quality,"低质量",1772211395,3,3,571.62,2,0,44,""
0x783eca0fb017c14d6dc7599127fae39c4d6a4444,low_quality,"低质量",1772212439,49,43,4737.40,16,0,81,""
0xdb3023613e09be7e6d800672a316baa63fdc4444,low_quality,"低质量",1772212525,53,47,5173.54,19,0,89,""
0xdedf31e5dbad162e52c2ff0c5350c77945cc4444,mid_quality,"中质量",1772212752,29,28,10953.15,28,0,1,""
0x6c42d1c8cfb0bfb879b01c8f88428059db3b4444,high_quality,"高质量",1772213397,15,11,2427.21,8,0,70,""
0xae2b66806857f197ca530c754a7274523ab74444,low_quality,"低质量",1772214189,3,2,935.37,2,0,56,""
0x02f9f71b2af48bd9eae45de03ced437588074444,low_quality,"低质量",1772214337,3,3,953.18,2,0,80,""
0xe25d3d260f9980518f6bb61f876db68160cd4444,low_quality,"低质量",1772215430,62,43,5712.45,23,0,89,""
0x78bfecd458c7323c8c6358ddbf7a594285444444,low_quality,"低质量",1772215683,12,12,1602.94,4,0,80,""
0x56fe047be7a0fb9e60d36c7a751ae9013e414444,fake_pump,"流水盘",1772216552,28,19,2634.47,16,0,87,""
0xf4fbc3bfffe70e2a811353b43789f06139714444,mid_quality,"中质量",1772217409,41,27,2803.20,13,0,87,""
0x91ed20d77d6510b1e8ba8f22fc9086ae93fe4444,high_quality,"高质量",1772217433,29,19,3026.29,11,0,88,""
0x8c35295d10882d7f506353c7de32acc59f744444,low_quality,"低质量",1772217882,7,6,920.83,5,0,88,""
0x605d1696580470f5b2d1d49630aac9a1e2ed4444,low_quality,"低质量",1772218423,2,1,493.39,1,0,63,""
0x089d474bbd2f3fdf0ae74c0c330557af06a64444,low_quality,"低质量",1772219506,9,3,496.15,2,0,47,""
0x1fef7cf4f4075cce36cee7d9f94b12aa29564444,low_quality,"低质量",1772219738,74,46,4949.92,24,0,89,""
0x65d5e78f86909cae7665d227b4a94930295b4444,fake_pump,"流水盘",1772219851,6,3,565.84,2,0,88,""
0xe67e2f4bb9b3f6e788f5126633994febe5a04444,low_quality,"低质量",1772228356,8,5,751.70,4,0,87,""
0x7d328d91c93d0110b187a94a30a9da5f41304444,high_quality,"高质量",1772125802,315,240,38739.36,132,0,89,""
0x32b418d80ff651b01e9a8189eed5e9cc76c94444,low_quality,"低质量",1772231578,10,6,551.51,6,0,85,""
0x25d661bff576e06ab1103e6ff4ae88321c714444,mid_quality,"中质量",1772231837,12,5,1284.99,4,0,76,""
0xd34d3045eb12c845a07050ede66238a089384444,fake_pump,"流水盘",1772048362,25,10,445.01,10,0,81,""
0xd06b03496b7cd7473010ea44a2c12ec249724444,fake_pump,"流水盘",1772231929,11,4,375.58,4,0,89,""
0x59847c7c772b7182ccea808d0ee78a797e334444,low_quality,"低质量",1772233497,19,5,665.59,4,0,88,""
0x28e06242a0251f3c93a1a81e8085aa6722634444,mid_quality,"中质量",1772235501,34,30,3295.91,16,0,82,""
0x596dcbc98ecac1431833716440ce8adac7764444,low_quality,"低质量",1772235641,11,7,785.41,6,0,84,""
0x33aa318c97c41b24c7e2b6977d7f9315f4524444,mid_quality,"中质量",1772236636,7,5,664.02,5,0,51,""
0xb3e493a9ced60fb7dbcaebda1545aade80164444,high_quality,"高质量",1772236864,1,1,306.87,1,0,0,""
0xff910db33c7d568ead9d1b0a22943df9e2714444,low_quality,"低质量",1772236870,8,8,2955.93,6,0,75,""
0x3126fef4cc7a17151c3306a5b00bf33308384444,low_quality,"低质量",1772237089,6,4,606.38,3,0,76,""
0xeacb1e4050f9dd82b3ad6537f2e6b132c68c4444,low_quality,"低质量",1772237514,11,9,1175.61,7,0,73,""
0xba5ccbefcfacf79c9cf4d40d1f28c36971544444,low_quality,"低质量",1772239088,42,34,3223.09,21,0,87,""
0xe69625a1004d133f17c7117a93e0b547c5784444,low_quality,"低质量",1772239078,6,4,825.06,3,0,85,""
0x4bbb5f7f30579b26664288337540874e009a4444,low_quality,"低质量",1772239904,10,5,944.51,4,0,43,""
0xbeafe385316fb1c5945591bfdef4d36e595c4444,fake_pump,"流水盘",1772126008,50,43,5003.48,36,0,68,""
0x0aa4287fea6c4fb4ac53fecaecce3fbb5d844444,low_quality,"低质量",1772241188,37,33,3194.25,24,0,88,""
0x603ec77229f2876d265b5973adc2d7e1df654444,mid_quality,"中质量",1772241756,162,124,10918.53,61,0,89,""
0x90c505aaf690cb154dd3ed4c20ab216c18604444,low_quality,"低质量",1772241989,10,8,1091.40,6,0,86,""
0xba318de41626b5ac24b37916facd7c6e516b4444,low_quality,"低质量",1772242135,13,10,1106.96,4,0,79,""
0xe037414210c0696274ba2fa9e29a5069de764444,low_quality,"低质量",1772242566,70,60,7314.28,39,0,86,""
0xcaf5c954a4060db8c4bc3fd5aaaae06f7c594444,high_quality,"高质量",1772242768,93,72,8197.22,37,0,89,""
0xbacf860a8d495049916f34ba60de49bba7474444,mid_quality,"中质量",1772242710,87,77,7879.28,46,0,88,""
0x5b31821d54af6c10b5f952ff90176ba14b674444,low_quality,"低质量",1772242996,18,17,1714.31,12,0,83,""
0xf1bdbcfdcf5b56db2062421e8f41801096434444,low_quality,"低质量",1772243149,2,1,606.33,1,0,58,""
0x9399a9e889a6b3e0ea6efe7980008606b49b4444,low_quality,"低质量",1772243230,28,24,2919.79,13,0,76,""
0x4e310132ca1d9b9080ddd69e63003c570b2c4444,low_quality,"低质量",1772243313,14,13,1670.40,6,0,89,""
0xe754e41e133e1aec8969a3fa3e37dd69ce5a4444,low_quality,"低质量",1772243505,33,28,2657.47,14,0,77,""
0x80dbbd13cf7bc182c1af8b6c7f4c17e4a31a4444,low_quality,"低质量",1772243685,39,33,5380.46,24,0,89,""
0xce674f0c380639f167acc180e390efa8d15b4444,low_quality,"低质量",1772243959,3,3,376.05,2,0,23,""
0xcced25b41e583d4a0feb052a65e04e09b0104444,low_quality,"低质量",1772244312,59,32,3658.72,16,0,83,""
0x08770a055ea1321742c000041d373099ee02ffff,mid_quality,"中质量",1772244675,92,79,13276.47,59,0,86,""
0x73d9f1b0cebd404dc4d603adff2666d658084444,mid_quality,"中质量",1772244787,71,59,6787.63,28,0,87,""
0xc9367930a403277b1a426eba544150923a464444,low_quality,"低质量",1772244803,9,7,1058.42,5,0,89,""
0x68b36c12391250b1793615740de112ae72444444,low_quality,"低质量",1772244947,17,12,1890.81,6,0,88,""
0x4584654c96f228d1ea4f4c284adde304d28b4444,low_quality,"低质量",1772245528,43,37,4084.74,22,0,80,""
0x17d302fc3ab5179a952419b1fce430f40f754444,mid_quality,"中质量",1772245763,145,123,13051.55,56,0,89,""
0x148af0da3c4d0ff10ea2a1abecc3d2a91fb64444,low_quality,"低质量",1772245943,20,14,1956.17,9,0,85,""
0xf16b5a6f55518300273028a5ac396e7adeba4444,low_quality,"低质量",1772245982,10,6,243.31,5,0,57,""
0xcf034d6a649dea00aac615d0ad1f4ed473db4444,low_quality,"低质量",1772246369,44,31,4128.90,16,0,83,""
0x5ab8a44832af9c8809cf345d92c9a540461f4444,high_quality,"高质量",1772123353,6,6,1250.57,4,0,88,""
0x071072a04365a9924e53353246ae1fba83874444,mid_quality,"中质量",1772246654,471,353,36821.16,151,0,89,""
0x6e6eac7e60d83d22f0fd3e4db380feb55a044444,low_quality,"低质量",1772246701,21,15,2118.86,10,0,74,""
0xb989e74f106bfe1b027e589a301ac525389c4444,low_quality,"低质量",1772247233,21,12,1156.90,10,0,89,""
0xa0b714accfc698098901b615e548dd917a3b4444,low_quality,"低质量",1772247291,24,23,4074.20,14,0,81,""
0xf1cdceb03ed570cfcf2573fad9b4a2406f184444,low_quality,"低质量",1772247389,113,74,9848.38,41,0,88,""
0xb91bd1566af7d6dea4fcb3ea28dee7c2fc204444,low_quality,"低质量",1772247667,75,51,6483.75,26,0,89,""
0x741ec6a72db0f8d16b8fde47dce921f307904444,mid_quality,"中质量",1772247962,18,11,1865.45,6,0,85,""
0x9d641cef06042b69c0e90b9ce0f8ec759dff4444,low_quality,"低质量",1772249578,14,11,3977.71,9,0,80,""
0x1c82a004fd322b560c4e4dcab6b35794ce704444,mid_quality,"中质量",1772248194,203,163,25781.36,76,0,89,""
0x55921a70ef8552a14491bf01a0fb42fd01717777,mid_quality,"中质量",1772208039,6,5,615.35,5,0,35,""
0x0f22bb225fb89543345a5cc531034aa72ee84444,mid_quality,"中质量",1772248654,159,138,16047.27,75,0,89,""
0xc0b1c2f7e2d5e38da9c4aa228ad3263692074444,low_quality,"低质量",1772210735,5,2,363.05,2,0,29,""
0xb0ef0f0ffa054bb54409ef1bd29a73e78da37777,low_quality,"低质量",1772203593,14,12,907.50,8,0,89,""
0x67ceb548d9576cd42b4879de1f87ceb282f34444,low_quality,"低质量",1772248888,90,75,8101.74,33,0,84,""
0x5208fc66d3453ae60e10a8aef8ce833a7ffb4444,low_quality,"低质量",1772248950,18,16,2325.60,11,0,89,""
0xc7fe00321b809ebf3a5319497ecb24f2cb9c7777,low_quality,"低质量",1772250491,10,10,668.85,10,0,75,""
0xea3b89a314b17339fb25d9fc021c34c0c8944444,high_quality,"高质量",1772177116,48,39,4435.94,20,0,83,""
0x3d8007f237c234b58a676d01c8fe786d597c4444,low_quality,"低质量",1772246446,15,13,909.14,8,0,77,""
0xe7bb8d61d60b4aae6bf4be6f8f8c8351ea9e4444,mid_quality,"中质量",1771877106,52,49,5129.89,20,0,89,""
0xade8d6ec5f71baa88686340c60d2017190f34444,high_quality,"高质量",1772249567,4,3,547.26,3,0,63,""
0x67159ac37c2d16488eaeb5e4104baf6ba1bd4444,low_quality,"低质量",1772249566,9,8,2265.71,4,0,70,""
0xcbf18646c64eabc03f4c0be20a2d9695c1ea4444,mid_quality,"中质量",1772249626,37,23,10315.79,18,0,62,""
0x384d4a308541bb746c4c70287da09e3253bd4444,fake_pump,"流水盘",1771906734,8,7,1140.68,6,0,72,""
0xaed758036feca9fd2f01f42ffd3e0cec58c94444,mid_quality,"中质量",1772249865,309,205,35093.80,108,0,54,""
0x38e9cbfe7e3500dd8003080a6704cee9fe474444,mid_quality,"中质量",1772249912,356,281,63620.78,104,0,89,""
0x63aedea0c9b0d44e55ff6688ca4e81edca48ffff,mid_quality,"中质量",1772250122,38,32,2920.93,16,0,78,""
0x103c3daaeee6609f7ec035c30848a2af98ec4444,low_quality,"低质量",1772250158,3,1,608.01,1,0,8,""
0xb62d945293d79b479871e431faaa8dced6bd4444,low_quality,"低质量",1772250327,89,80,15970.09,21,0,86,""
0xd618d0a829944e1050afc4bed9d6f69fea534444,low_quality,"低质量",1772245066,26,22,1586.95,17,0,80,""
0x4e9f88fb2ff46c95be4e8b175ee8a73a6b1f4444,low_quality,"低质量",1772227916,6,5,736.02,4,0,85,""
0xaa61514d2673196d119d78cc0a10edb43c0f4444,low_quality,"低质量",1772243659,44,30,4027.92,17,0,86,""
0xec581d343d90bb5a927dac2097e0bb69b7fd4444,low_quality,"低质量",1772247962,8,8,2667.17,6,0,86,""
0x9f092ddeeb92f19d7630f3653a4033fe0d077777,fake_pump,"流水盘",1772246837,20,20,2367.89,18,0,74,""
0x8d48e1538d845144f5723bc962f5d59512e27777,mid_quality,"中质量",1772246419,154,131,17873.92,58,0,88,""
0xc0bbf0188867caba7aa8c9fb2360729e304e7777,low_quality,"低质量",1772248262,8,7,658.77,6,0,71,""
0x7de16a8cf0018b507d02968fdf0143fe8fef4444,mid_quality,"中质量",1772247953,97,78,9745.27,44,0,89,""
0xf5ab8e9858eb34cb5e2f3f7c694fb7d6c9794444,low_quality,"低质量",1772046175,6,3,495.60,3,0,82,""
0x292590fb75fa4a2b320a6535620e17ad13767777,low_quality,"低质量",1772215914,5,5,537.41,5,0,84,""
0x4a50eeef18a350484d8ce7474f43571ccd934444,high_quality,"高质量",1772249564,68,54,23974.22,39,0,86,""
0x1b94c3d7a703ec16a96c4cc0262f02f5e4ce7777,low_quality,"低质量",1772240895,1,0,0.00,0,0,0,""
0x906cc74c82e1c516c375baffad512c62ccd24444,low_quality,"低质量",1771908251,80,68,8026.06,34,0,88,""
0x021c4b8c8f717970ea734f51318ecd40f4d17777,low_quality,"低质量",1772205912,21,20,1515.93,14,0,86,""
0xdc722085e3214cc9ecc7ee50af505c6eff184444,mid_quality,"中质量",1771907290,74,51,5224.85,31,0,89,""
0x6ebd72574227105bfc701e9b0559535a21a74444,fake_pump,"流水盘",1771908365,100,43,862.89,36,0,89,""
0x5620cb7c87ac2ff84fb851f2ed01f523b6d84444,low_quality,"低质量",1772218166,4,3,352.81,3,0,89,""
0x9ca3550e7cdabee94bcdeda6d7bb23f6a04a7777,fake_pump,"流水盘",1772248612,10,8,774.27,8,0,82,""
0x4540def931c2902f9d420c891cfbb591efbd4444,low_quality,"低质量",1772236838,40,38,6208.08,17,0,71,""
0x1f1dcb02bc38b563614499605ed96dd843dc4444,high_quality,"高质量",1772249072,154,123,12649.08,68,0,89,""
0xa12ff1563804af070fdc090f2963bf506a914444,low_quality,"低质量",1772210750,8,6,783.79,3,0,79,""
0x44a9d34edaa356e30048682577b164c823164444,fake_pump,"流水盘",1772296919,97,79,6734.99,76,0,89,""
0x844075c77812b6ea2dde84aa622d7a4105154444,low_quality,"低质量",1772100243,33,28,4239.07,20,0,87,""
0xebfa309bd4118e41a3b304c1ef746626dd664444,fake_pump,"流水盘",1772302725,71,65,6890.33,59,0,89,""
0x73ef21ba01dd0e49efe4b049795c73b917f64444,high_quality,"高质量",1772023083,277,196,24091.72,107,0,89,""
0x7be325b9582b5c9c217c7bdd4afb5d24e0594444,low_quality,"低质量",1771908948,4,4,797.19,3,0,71,""
0xb0a1708ec48cd4260b6b59482f6e7bf0e51c7777,low_quality,"低质量",1771856171,1,1,488.76,1,0,0,""
0x9cacb36ae01f9a0d0cb402d4db703b9a8c22ffff,mid_quality,"中质量",1772025703,16,10,468.49,7,0,77,""
0x7fbc98cb962e0bd3eba4a441ada2cfebdeb1ffff,low_quality,"低质量",1771858433,96,83,7509.77,49,0,89,""
0x1c8f35c9bac6662173125331408b3ec345b54444,fake_pump,"流水盘",1771858574,10,7,1121.12,7,0,86,""
0x6539cba13cc3e9c7b5c38b48e1faf5e159144444,low_quality,"低质量",1772031540,95,82,9113.48,48,0,88,""
0x38a70624dd055cd1ec1c1dc70baa7e5353d54444,mid_quality,"中质量",1771859474,161,127,15132.93,74,0,89,""
0x8eb57e73a46bebd11565e7586f6bdb7583b64444,low_quality,"低质量",1772032000,5,5,639.41,5,0,45,""
0x5a85eb34aaa08b75de60d7d2220e926f6f454444,mid_quality,"中质量",1771862884,173,150,19519.33,50,0,89,""
0x45c315426350880ee465588b01797b171a604444,fake_pump,"流水盘",1771863167,76,36,2102.56,31,0,87,""
0x0ced5ca177731e2a0db67dc78db748dbd6e1ffff,mid_quality,"中质量",1771910767,3,3,1693.83,3,0,3,""
0xf3f1328f7fa96b9dc8858bc5e1ebb79053c74444,mid_quality,"中质量",1771910786,91,60,8298.65,39,0,89,""
0x1222c1b5046f1613bb20b4447e360e37dbe14444,fake_pump,"流水盘",1771864175,33,14,1519.99,14,0,89,""
0x1986aec34a7f8beb926a2e79992247b7f33f4444,fake_pump,"流水盘",1772032152,36,30,932.13,27,0,88,""
0x3dc94ac23dbf73f2a9291b262f8b2ce732c04444,low_quality,"低质量",1771865216,29,22,2037.29,13,0,88,""
0xada07d4755f3fa933a3e8f54559259c26769ffff,mid_quality,"中质量",1772101400,172,136,13636.91,74,0,89,""
0xfbd161eb2bccd3930c0b3858fc78434f1f4f7777,low_quality,"低质量",1771867897,39,35,2343.36,34,0,89,""
0x8ac7c6f631a4f0699f2e6a495480a5c130e64444,fake_pump,"流水盘",1771868055,1,1,1012.79,1,0,0,""
0xa553345f10042a85d8de178780e24c5c4abf4444,fake_pump,"流水盘",1771868637,30,10,1483.71,10,0,89,""
0x1d884e356ab5bd0aedb2b3beeada807d77fb4444,low_quality,"低质量",1772178634,191,139,18576.82,63,0,89,""
0x6acf382800dfc90b7175917c20c075f4ff7a7777,mid_quality,"中质量",1771869585,4,4,214.05,3,0,72,""
0x68d68aec1dd137b2556e22ada784a6af701e7777,low_quality,"低质量",1771873974,7,6,772.48,6,0,73,""
0x69f2c41d466d5c955070a5d5d1fe86d0eb234444,low_quality,"低质量",1771875644,11,10,1188.31,7,0,75,""
0x07bea6f123b772050bd1918e9d8b6b18ba597777,low_quality,"低质量",1771874373,5,3,296.48,3,0,89,""
0x6c0013dac51a8632037d575c3a2668dee4254444,fake_pump,"流水盘",1771911641,80,1,1576.05,1,0,89,""
0x38ebce85eb9eccea63a6c53756db060a3a444444,mid_quality,"中质量",1772032469,313,259,31267.12,103,0,88,""
0xbda4bd5f10dbedd35dd5a07a5e7c17e328787777,low_quality,"低质量",1771879885,3,3,354.88,3,0,81,""
0x9a40ca3b4919a922de7d86ff89cb77ccf1a67777,high_quality,"高质量",1772085729,0,0,0.00,0,,,""
0x86410ff343e92df0384b5e03aa3f931215da4444,fake_pump,"流水盘",1772045580,49,47,4648.30,24,0,73,""
0x791774f6f6b578820cacf618a56eddd09e2c4444,fake_pump,"流水盘",1771882077,43,20,1614.06,18,0,87,""
0x7783f42e5125f769b59c7155f57c2b9e53ea4444,fake_pump,"流水盘",1771911949,34,17,1555.17,12,0,86,""
0xf2c3eedd45b84d083bfe3973d60742f067b04444,fake_pump,"流水盘",1772122596,11,8,1364.37,8,0,51,""
0xebf6903fcc6fbd37f33eb7bacc9004ecc5644444,fake_pump,"流水盘",1771886389,30,16,1574.47,16,0,89,""
0x33e1762026f729ca91ad890eef15da2a90614444,fake_pump,"流水盘",1771888478,78,1,1396.18,1,0,88,""
0xa1b0f411cec27f32d7a97d6da3efc1c3cf7d4444,mid_quality,"中质量",1771889595,28,26,2125.41,18,0,89,""
0x5a358f4f4d0a3f3fe76600e7e29eb865ae854444,fake_pump,"流水盘",1771890242,113,2,1401.35,2,0,86,""
0x098e0c21cf418d07ffa961394e438257a7024444,low_quality,"低质量",1771891271,71,60,14490.52,35,0,86,""
0xf91d80db00e52b128786fb8bc6c40957bae44444,high_quality,"高质量",1771893026,7,7,889.82,6,0,67,""
0x6d2dba2d8104bde33d0dbdbeca52ebcb22b57777,mid_quality,"中质量",1771893781,22,20,1372.17,13,0,82,""
0x2005bd449d80849a27fb8fc1daf278c3b1a24444,fake_pump,"流水盘",1771912792,27,11,1143.68,11,0,86,""
0xf2f1cfc6e18075d2cc0cf7e0317f02b5c6164444,low_quality,"低质量",1771895423,13,13,734.80,9,0,82,""
0x49f0b92c3bbc1ed4651e85105bf536bc6df44444,mid_quality,"中质量",1771896724,62,56,5881.02,31,0,86,""
0x83ede61a4bc889b9154dc860f93b3ff396127777,low_quality,"低质量",1771913726,3,1,295.11,1,0,35,""
0x615b5cd9ec36a9fcda9791f03bb67bf6ec344444,mid_quality,"中质量",1771898615,8,6,623.77,4,0,47,""
0x5b232dab55f847f4a0cd0329655fdc252ebd4444,mid_quality,"中质量",1771901636,140,108,10538.04,62,0,89,""
0xaa80e141ed6cc4d329b683dc31d792d1ae66ffff,mid_quality,"中质量",1772098645,122,101,12867.37,51,0,85,""
0x43cc8c9e6311e949e6fed70ec693d26c40444444,fake_pump,"流水盘",1771902382,13,11,883.59,7,0,42,""
0xb8caca1583b325fb0974635affd052b1f9884444,high_quality,"高质量",1771903475,299,212,17830.22,111,0,89,""
0xb0ee506d85b9ca8ed8587aa78d4007f19b4b4444,fake_pump,"流水盘",1771903762,29,17,1603.73,16,0,88,""
0xf2329f860fa5b0de3b9fa603c57cbfab15494444,fake_pump,"流水盘",1771913476,47,21,1604.80,20,0,88,""
0x0f0e4fb60219865644c4bdb858c3f9559c7c4444,fake_pump,"流水盘",1771913946,30,17,528.35,17,0,87,""
0x1f2cb65db828de2263177245cc1ea2b602284444,low_quality,"低质量",1771914221,22,22,2373.20,14,0,79,""
0xb0d5fb00f3cece42faaa8dd7910417b4a0fd7777,low_quality,"低质量",1772086733,94,70,8923.18,39,0,89,""
0xb1fc63396cd8c207036418829963df489ca54444,low_quality,"低质量",1772100090,156,122,18577.81,50,0,86,""
0xa3de39cb9aa3d91f8307cb50da8c3087ed604444,low_quality,"低质量",1772178938,138,113,9603.56,53,0,89,""
0xb4e0caf6f76ebd281fb5eec1c2bcc34ea2e67777,low_quality,"低质量",1772089323,11,10,561.36,10,0,82,""
0x8b4234da049e95023116bff3c6ef0d52e3964444,fake_pump,"流水盘",1772103141,17,17,1001.91,15,0,87,""
0xeff6c7b49508deffbe5e25766761edb1a9287777,low_quality,"低质量",1771916211,59,55,5388.39,43,0,89,""
0x8b1b47d0329ddfd6e089e99af62a4891bbc9ffff,low_quality,"低质量",1771916903,115,57,5657.52,45,0,88,""
0x14367b92f64547a6a5b612cd3de77884e3c74444,fake_pump,"流水盘",1772034166,7,1,210.50,1,0,85,""
0xe6f203c693b09568921f2769cd69031d71fb4444,fake_pump,"流水盘",1771917212,27,13,1169.02,13,0,89,""
0x53d429d7d049bbb9d1af95eba40756cf493affff,high_quality,"高质量",1771917280,189,156,15855.66,73,0,89,""
0x157c2e4e31597682ca44ca5d0d21d4eb4ba74444,mid_quality,"中质量",1772179374,85,60,7244.17,32,0,89,""
0xed1916b7f30a1145d4821219de1891efb908ffff,high_quality,"高质量",1771917923,188,155,14802.14,78,0,89,""
0xfea73dd6d9fa8612fc73479b96dc5088ff26ffff,low_quality,"低质量",1771918094,53,44,5510.75,28,0,89,""
0xa6667e40f368069c6b02de4b860da98164a54444,low_quality,"低质量",1771918104,5,5,539.22,4,0,86,""
0x9bc7e5a72c479f639cea138547c27400e5ff4444,low_quality,"低质量",1772034476,4,4,561.37,4,0,77,""
0xfe36dfc1293274805797f860eba4c23e2cdb4444,fake_pump,"流水盘",1771918469,7,4,996.52,4,0,86,""
0x1c56c487b665cbedfc4124232596c79d69ffffff,fake_pump,"流水盘",1771918528,28,27,2177.25,27,0,57,""
0xe6fc008ee42d4ce3dbbc12d97dccfbf033b07777,fake_pump,"流水盘",1772034251,26,24,2284.60,24,0,88,""
0x7c3ab27b15f265811452a2b0bcf577584ef67777,mid_quality,"中质量",1772091751,6,5,882.12,5,0,84,""
0xb14b7a538e8ffd79ff6ae7ac11a567b25dd37777,mid_quality,"中质量",1771919794,8,7,866.24,7,0,89,""
0xbb81261207e47a2aa2df803ff6a2d8b3ba724444,fake_pump,"流水盘",1772034876,16,1,209.54,1,0,89,""
0xfb52987cd42ed958f8c1a834a11d17ec2ebbffff,low_quality,"低质量",1771920121,117,107,8409.65,54,0,89,""
0x2f0fc9eb6eb5267138d72cd1e5b933f0e52c4444,fake_pump,"流水盘",1771920603,8,2,1143.06,2,0,81,""
0x4bba725e321847d7e9fa040f01acbfacc5feffff,low_quality,"低质量",1771920718,90,75,8457.28,31,0,85,""
0x00c1c2be91a3abf17cb29bc25a2874b87c72ffff,mid_quality,"中质量",1771921036,132,112,10353.54,57,0,89,""
0x0224eb4f36be1a0cc63dcdcaa9346a62e2fb4444,fake_pump,"流水盘",1771920931,4,1,620.29,1,0,10,""
0x3357d89328b56e36edb665e90c8495356ec8ffff,low_quality,"低质量",1771921333,295,209,24396.27,105,0,89,""
0x09f905afec8ad84a36c171a2b1e3f37eebb54444,fake_pump,"流水盘",1771921783,44,19,1586.22,18,0,88,""
0x742ca8140d67077acfefb6a3602933348fedffff,mid_quality,"中质量",1771921771,316,253,19723.00,124,0,89,""
0x7ff8982e661880e1c1dab4987650c2c0ca92ffff,mid_quality,"中质量",1771922085,135,127,12467.14,65,0,81,""
0x648d32c7906198746a8151fbebd3294f57d27777,low_quality,"低质量",1771922538,69,59,7905.04,31,0,79,""
0x2a6e1389f547f6a088772d8706f27d45169bffff,low_quality,"低质量",1771922704,36,24,2407.18,17,0,85,""
0xe916675f90c42a779b824c0f388c995420edffff,mid_quality,"中质量",1771922873,18,17,3457.92,15,0,88,""
0x056706aedddf387511bef1353eb4ec9599bf4444,fake_pump,"流水盘",1772035164,5,4,746.88,3,0,77,""
0x175dbb3331810acf19d169eaf11bfbd167497777,low_quality,"低质量",1771903530,7,7,373.33,7,0,45,""
0x563d9f43e6db31ca33f3af7475b87cb1d8684444,high_quality,"高质量",1772035536,19,16,1743.49,11,0,87,""
0x0eea2c8968a0b25d7aec8e6dfcd18b503bc64444,fake_pump,"流水盘",1772036836,13,1,352.69,1,0,88,""
0xf817686609f1c524f11e9920dd44ec591e3d7777,low_quality,"低质量",1772092457,28,22,2502.65,17,0,59,""
0x9da6dfee03b96110f8d3fe0c2be49c5a236c4444,fake_pump,"流水盘",1772118277,37,18,514.56,17,0,85,""
0x8b9bdb8a75df5d9ef0ef513ceacbe5e950864444,fake_pump,"流水盘",1772118339,53,14,465.24,12,0,87,""
0xe70f4caf83e758506846ab371fbdedd4cb8d7777,low_quality,"低质量",1772013700,26,21,3108.98,16,0,89,""
0xfca0fa98bda76f840a065f8c7c4b06f8e4e77777,low_quality,"低质量",1772013859,7,6,411.91,6,0,63,""
0x4e63c0de139b1abb00e73ebd906eddc58cf57777,high_quality,"高质量",1772014284,0,0,0.00,0,,,""
0x72c1ac163f7cf43baff980e62c4ec51295944444,mid_quality,"中质量",1772014735,31,26,1615.75,18,0,89,""
0x050f052ab0634e235c87f6093505659fe8034444,mid_quality,"中质量",1772014954,104,76,6560.23,45,0,89,""
0x37f9f8a095be277f70e773f6df3cb3103f664444,mid_quality,"中质量",1772015017,51,39,3884.36,25,0,88,""
0x7bb8f0bfc823c6e14e6dd824c62bdd4cd230ffff,low_quality,"低质量",1772014545,9,9,754.93,8,0,71,""
0xc601c87968e0aa3f2d206da4d130234941d14444,low_quality,"低质量",1772016024,23,23,2224.30,13,0,89,""
0x4ea7142012fb4eb493114961c554b14a10ad4444,low_quality,"低质量",1772016189,114,81,6509.62,50,0,89,""
0xee5f05d2f95bef0fe767fb45d65b968ef3784444,fake_pump,"流水盘",1772018195,117,59,1040.67,51,0,87,""
0x009b31adf3afda8882732983301432ed51d94444,low_quality,"低质量",1772018428,6,5,293.72,5,0,86,""
0x6502a5a69e4a557844aa5d363cf43fb17e577777,low_quality,"低质量",1772037829,2,1,93.41,1,0,55,""
0x2ea095c42444d9ee540bb1ae6acdb021fca9ffff,high_quality,"高质量",1772020275,40,28,2333.66,19,0,89,""
0x35e79fa76753ce9177ac53d5dd6c0fac74874444,fake_pump,"流水盘",1772020382,22,7,643.70,7,0,79,""
0x8b3d626249ed627444bbb691d41333a9293a4444,fake_pump,"流水盘",1772118712,19,13,507.57,9,0,87,""
0x8ee658048edd5c6812d3361008d173cfdaa4ffff,low_quality,"低质量",1772020417,110,82,8864.28,49,0,87,""
0xf34c16d9e4fbcaee05f80ba4e89dc506b3d14444,low_quality,"低质量",1772020533,3,1,299.35,1,0,8,""
0xf0b9da4c3d0f54ba73022d3820d1f5b4d10d4444,fake_pump,"流水盘",1772020724,38,20,867.99,14,0,86,""
0xe761817ab691b4cb2fde2f522bf4164cb2984444,low_quality,"低质量",1772020715,21,18,1618.50,18,0,86,""
0x6ca594011a4c6528878e44450122117e59154444,low_quality,"低质量",1772020932,57,55,5473.45,27,0,62,""
0x079223b1ccb9dcbe3bb56e1c526c7d5839cd4444,mid_quality,"中质量",1772020984,139,101,8015.78,53,0,89,""
0xea2f2552838225ddf30079b62c1a62fe947c4444,fake_pump,"流水盘",1772021300,30,29,2869.69,29,0,89,""
0x31edb2494faf272d23cd4aa19a06cfff0461ffff,low_quality,"低质量",1772021528,17,13,1091.93,10,0,65,""
0x1e0bc2c28c8592d5e45d461163a31049be694444,low_quality,"低质量",1772021941,92,75,4972.01,43,0,88,""
0xe3741e6c5911696b9eb59b774c14b4553fa67777,high_quality,"高质量",1772106880,0,0,0.00,0,,,""
0x86bff0667e9b7c4fb5bf6f2242ba9aa28d7c4444,fake_pump,"流水盘",1772022592,56,31,1874.21,31,0,89,""
0x92e09272f3417ccb18f308ef7eaca8134edb7777,low_quality,"低质量",1772038628,25,21,1958.70,19,0,88,""
0xc7ec18fe6c410e281c24376653f0468efae64444,fake_pump,"流水盘",1772118857,52,21,460.05,21,0,88,""
0x647f39d1a54026bafdf287190071bf9f8e357777,mid_quality,"中质量",1772022680,0,0,0.00,0,,,""
0xab1c30c51d10f8e535b4012ed3f2be52a2644444,low_quality,"低质量",1772023263,4,4,844.08,3,0,61,""
0xe59d48742add07b60f6a9c3696bd193ffd264444,low_quality,"低质量",1772181378,469,385,41636.57,160,0,89,""
0x1e3515cd6ca1a2b5add7217f8525606e89937777,low_quality,"低质量",1772039045,0,0,0.00,0,,,""
0x96b2b49f4f9def2a7e5d055fcabd4f32495d4444,fake_pump,"流水盘",1772023877,104,65,1331.33,49,0,88,""
0x0d6dca87098ac4222ffd4bbf18cc556f0aa64444,low_quality,"低质量",1772023942,43,37,3021.48,21,0,88,""
0x947a0edd585aa9775070f03818771b0ed1ba4444,fake_pump,"流水盘",1772039047,5,3,736.69,3,0,88,""
0x3e4e2d43491c1f2a36c528f4d40dddf21287ffff,low_quality,"低质量",1772024665,61,50,4213.72,32,0,89,""
0x92fcdcd99d35792ec1e7ab828be8e767dfbe4444,low_quality,"低质量",1772039898,10,6,333.02,6,0,53,""
0x91252cf5f1fdd9d72282491e9be52734624d4444,low_quality,"低质量",1772025784,11,10,1293.39,9,0,71,""
0x76ea11f63d21d6f6eace4a61ebb516fb4781ffff,mid_quality,"中质量",1772108407,66,47,4904.65,37,0,89,""
0x5243922bfe85650072dd99626410ec02d8434444,low_quality,"低质量",1772025979,89,77,11623.65,46,0,89,""
0xc127156fbf3e7d861a3e13ac7d3d1fb90c1c4444,fake_pump,"流水盘",1772040502,25,23,5018.21,22,0,89,""
0x8ac3ad1c90926732b612cd99479b6cd6da2d4444,fake_pump,"流水盘",1772027183,21,14,1843.00,8,0,60,""
0xaf9a559d28e010db66241618e5a5a34dc2e0ffff,low_quality,"低质量",1772026990,108,83,8044.51,53,0,89,""
0x7b75c8db70892639ab21fb372f5accf75ef14444,fake_pump,"流水盘",1772027351,93,49,1164.95,37,0,86,""
0xfaf484cc6f6a03b883ff320457e8b7ad076e4444,fake_pump,"流水盘",1772027882,67,52,7801.77,27,0,88,""
0x9d740bc7e6eabe52a563a11af6873de7bc924444,low_quality,"低质量",1772028009,228,144,20810.71,70,0,87,""
0x689376abda1ea1d25a5c022878e699ff3eb94444,low_quality,"低质量",1772028171,104,71,6798.49,35,0,86,""
0x7a9df6b53e9cee5d6b16b32316017151d4b94444,fake_pump,"流水盘",1772040852,13,7,780.81,7,0,81,""
0xec9269151c482e9183dafcf8d93be4a40e757777,low_quality,"低质量",1772028099,4,1,153.58,1,0,73,""
0x740e8b11865da465353954691b2cbce12dbd4444,low_quality,"低质量",1772041898,15,4,389.89,4,0,81,""
0x7cbb49f3d3ca47dfad0f1cf6c80bbde788864444,fake_pump,"流水盘",1772042197,8,7,341.61,7,0,88,""
0x9a8034529e34f13d0fffefdc5cea603f6ca34444,low_quality,"低质量",1772028765,130,68,2465.62,47,0,88,""
0xd4fa722fb4ba3c82aedc2637845486c1a2c3ffff,low_quality,"低质量",1772028550,47,37,4395.79,20,0,78,""
0x85bf4056dce0b8c3e932e348b4d3f5ba7a234444,mid_quality,"中质量",1772028854,223,175,18873.36,98,0,89,""
0xf622a070b86582449967984d0b36f6bc51daffff,low_quality,"低质量",1772029282,38,29,3464.16,16,0,87,""
0x22c8567103c669c742cd56ad48f72d59789bffff,fake_pump,"流水盘",1772110128,1,0,0.00,0,0,0,""
0x66495eae79b1ad9f18531919bedaedbad2a84444,mid_quality,"中质量",1772030118,733,517,48026.71,240,0,89,""
0xb6d6ac81568f15ce458984fe86e911f9d7a34444,fake_pump,"流水盘",1772030366,6,6,776.31,4,0,68,""
0xac7fb18b700592f6e718bfef3abe851c84984444,fake_pump,"流水盘",1772110581,72,46,923.85,38,0,88,""
0x0ca044dfd5bf2a7c2bf56d13a816f9eefb3a4444,low_quality,"低质量",1772027544,41,27,2314.43,15,0,88,""
0x5ccee93e1b402f2a2793d9354b957aa6919a4444,fake_pump,"流水盘",1772051170,12,7,778.23,7,0,88,""
0x8c2e98581c94ecb4cb6a92b643706da90b9a4444,low_quality,"低质量",1772030905,1,1,30.54,1,0,0,""
0xb70175adf9bbef5724278934875d4718ee77ffff,fake_pump,"流水盘",1772125651,26,17,868.81,16,0,87,""
0x2d9fe8391372639c1b343be2dc3744aa5b407777,low_quality,"低质量",1772027243,5,4,688.80,3,0,75,""
0x35ca6ad2a21089657490bce49eb25120da387777,fake_pump,"流水盘",1772021980,101,100,5291.63,100,0,50,""
0x407f257846f902ec95561e12d54a2895382a7777,low_quality,"低质量",1772024832,7,6,468.16,4,0,89,""
0x53d5a9c6e18904f8ebfef073d4368a37c1504444,fake_pump,"流水盘",1772044253,8,5,770.80,5,0,87,""
0x459ac519e9b4c29461ad98e75ff3e89f00634444,low_quality,"低质量",1772048077,55,28,547.10,28,0,89,""
0x975005ecee691d90fe35fcb01623f17a71cb4444,fake_pump,"流水盘",1772120188,49,24,582.48,23,0,89,""
0x5e95c36976b31efef740879a1770525c60a54444,fake_pump,"流水盘",1772048399,50,27,674.43,27,0,84,""
0x591da92b0873dd82a062a1102f1a1cb5fd094444,fake_pump,"流水盘",1772048887,9,4,576.45,4,0,84,""
0x9f3666678674309dca4bf6e314786fc4fa4b7777,fake_pump,"流水盘",1772050300,14,12,1318.03,12,0,89,""
0x5f9dbb46c7864216429609580a94c96d02934444,fake_pump,"流水盘",1772051830,21,19,2873.96,19,0,88,""
0x04523c406d562409f075514abfd4bdc0fc534444,high_quality,"高质量",1772111850,291,233,22151.09,120,0,89,""
0x4cda359d4e5876c51f94ab07c76581d5be714444,fake_pump,"流水盘",1772052940,34,9,306.39,9,0,83,""
0x3deb172d03827c819c80a131a44ad7e30d704444,fake_pump,"流水盘",1772052670,5,4,740.36,4,0,63,""
0x7e5a8ba386415ba3164b635cca8057179b094444,low_quality,"低质量",1772053743,25,22,6157.14,11,0,88,""
0x9c5ca2e4f942636afd51ac749767e6062d154444,low_quality,"低质量",1772054126,10,3,732.44,3,0,87,""
0xae93b3bb415848170df754b858e321ace8d44444,mid_quality,"中质量",1772055458,7,5,537.14,2,0,52,""
0x144d2f2e3186033137eaa2184039435661cc4444,low_quality,"低质量",1772060332,6,3,279.66,3,0,72,""
0xa5bc1bda32ce7f37df81648ebb5f459dea034444,fake_pump,"流水盘",1772183364,16,15,1784.55,14,0,84,""
0x746390035c294b3a9830470f2820befafa547777,low_quality,"低质量",1772061635,9,8,1181.70,6,0,35,""
0x8c46824efc7e9cb950f35ef05ba2bd93d1874444,fake_pump,"流水盘",1772062352,16,10,814.05,10,0,88,""
0x3afe04adc8e163a67911d9f54dd54952a0474444,low_quality,"低质量",1772153149,26,14,782.55,12,0,88,""
0xd2caff188b67d79081b0587bb9518d4ab4554444,fake_pump,"流水盘",1772120517,15,6,535.24,5,0,88,""
0x1c458db72247b6bdf61ff07b3371aa6521904444,fake_pump,"流水盘",1772065134,10,6,758.77,5,0,81,""
0xf4944b40d6f7a6eb8a902e9c67d2a5c1dd917777,fake_pump,"流水盘",1772183578,23,19,1054.26,19,0,85,""
0xfd254e4e9efbb0225dadbd4519c41222c5ff4444,mid_quality,"中质量",1772065937,14,12,1702.58,9,0,87,""
0x003d92adb1fca893a07c53a96856452257197777,low_quality,"低质量",1772066072,4,4,491.00,3,0,85,""
0x7d4ae790ea51f91dd55ae0de2035f94e0d8c4444,low_quality,"低质量",1772183543,61,47,6817.08,28,0,82,""
0xffeeef9163314e85465e02bad261f8c990df4444,mid_quality,"中质量",1772067194,71,62,5509.36,29,0,88,""
0xa89fcb71caef83dc074c5a9a8b31e9ac2a1d4444,low_quality,"低质量",1772067212,50,44,5305.36,26,0,89,""
0x8e7244dcbb210604f18a658356a9b702393b4444,fake_pump,"流水盘",1772121049,77,25,877.47,23,0,89,""
0x16392ec912d2bd3f86e06e3df9f851dc69c54444,fake_pump,"流水盘",1772032534,82,47,1245.43,40,0,87,""
0x2ebe1655a41daa1fb3a15061b4628ad7c8b84444,low_quality,"低质量",1772032605,83,57,6910.38,32,0,89,""
0x46c7b4b9b5bc0ea54035a96edeaa626f828f4444,high_quality,"高质量",1772031536,108,94,10360.63,55,0,89,""
0x63c5de94fe7329ac72b48b0cf5716e14f24b7777,mid_quality,"中质量",1772023532,3,2,255.96,2,0,48,""
0xce1e55cabefa6db1d690c3246ee405244a8affff,mid_quality,"中质量",1772158961,30,26,3281.08,19,0,87,""
0x88ba1e63857c6bac6381213847c684041cca4444,mid_quality,"中质量",1772078223,282,217,24047.19,113,0,89,""
0xb38083606bc233a4f45023f1d07e4059943e4444,mid_quality,"中质量",1772032489,162,129,14839.04,62,0,89,""
0xd1361dc6d1d2d5f3642c7573da35d7f52a9e8888,low_quality,"低质量",1772028007,364,2,2967.72,2,0,86,""
0x729ae6dd1716aefe6e5faa113dfc541c19ed4444,low_quality,"低质量",1772078152,163,132,15029.29,55,0,86,""
0x9a91517c0f5788fdb69c7d2faa55bf7fe6f94444,mid_quality,"中质量",1772078155,30,27,2898.26,17,0,82,""
0x7b8d3f43b93a0404cd2d44da2ecce5dff95a4444,fake_pump,"流水盘",1772078146,50,32,607.77,28,0,87,""
0xab1cc2325c6770aff6783b563e2da63e789a4444,fake_pump,"流水盘",1772122074,100,27,594.54,26,0,88,""
0xf6c6cebff6cc8b1e68655437608ddf4f1e714444,fake_pump,"流水盘",1772121550,10,10,614.59,9,0,68,""
0xe66256865db33ada01219d5b9f6ee772a62e4444,low_quality,"低质量",1772123686,73,53,4605.04,30,0,87,""
0xde7ceb0837cacc5c43631dc6cb3ac7f4f1114444,fake_pump,"流水盘",1772125302,43,17,396.60,16,0,88,""
0x13f994a36702b66095961ddb084755fda7164444,fake_pump,"流水盘",1772126998,9,2,285.42,2,0,86,""
0xe2559b1e787b3a89c8fcb3a96a03aaba443d4444,mid_quality,"中质量",1772129936,618,463,66521.54,225,0,41,""
0xe3959eea5ae8805340079e2ea088671041627777,fake_pump,"流水盘",1772184803,21,19,1156.59,19,0,79,""
0x395e437bfbd1f1d9981eb5d2280862870f4b7777,low_quality,"低质量",1772184783,5,5,515.90,4,0,11,""
0x29517911478586f5ead87a28bb410398069c4444,fake_pump,"流水盘",1772130137,41,18,1232.66,18,0,89,""
0xd3cb51136952b4c031b039274a8be7f378104444,fake_pump,"流水盘",1772130042,10,4,725.81,4,0,89,""
0x0c38dd85b48204b13f78f1fc7c4556b640824444,fake_pump,"流水盘",1772132231,38,8,292.03,7,0,83,""
0xf6f8b31295a8b6a8d98609cc8101d16de0137777,mid_quality,"中质量",1772131951,24,23,2828.60,13,0,59,""
0xbb9559e48b24e198f696a003287cde3429094444,fake_pump,"流水盘",1772133204,3,1,24.48,1,0,47,""
0x2f086298e147160df41164013a6da7fe4f2b4444,fake_pump,"流水盘",1772135386,65,23,473.15,22,0,89,""
0x668bb26f95154006cd276f69a490a09af4db4444,mid_quality,"中质量",1772184749,443,343,36045.29,139,0,89,""
0x315c449f0b144280328bc04350112cb28f1f4444,fake_pump,"流水盘",1772098174,50,2,2140.40,2,0,89,""
0x4d6584929bdee3a2991eb35dc481dde1f3477777,fake_pump,"流水盘",1772097960,13,12,722.91,12,0,71,""
0x6d4a79f0b46f2e23a7d5f16af41b154f56374444,fake_pump,"流水盘",1772136528,6,3,721.52,3,0,89,""
0x113602367d8b0c5c6306e4fb66ddc90c789f4444,fake_pump,"流水盘",1772140202,9,6,409.70,5,0,73,""
0x7958f09c932bec39c0e0c18b93ee0616e0564444,low_quality,"低质量",1772147373,20,15,2024.88,12,0,77,""
0xb5035f1b2fb523312bb25694fde701ebb5074444,fake_pump,"流水盘",1772153827,86,24,561.54,23,0,89,""
0xe37764c1d0f6bb2736dbf5fcb14b773bb3144444,fake_pump,"流水盘",1772153820,62,24,491.25,23,0,88,""
0x8e70dda2c18915bcc0e641794a32e4e80dcc4444,fake_pump,"流水盘",1772155108,26,4,1750.46,4,0,89,""
0x7358ad33296406f54d167f4c2ceaa29b4b404444,low_quality,"低质量",1772155780,20,14,1601.68,10,0,80,""
0xeb787e40148d1c85fe5a7383638e10548b7e4444,mid_quality,"中质量",1772156272,23,14,1538.73,8,0,84,""
0xae02bd52b899d0991e6e29401af2057b57a04444,mid_quality,"中质量",1772157418,63,47,5220.15,21,0,87,""
0x2a899761979a0b3eefc3767b839dcfd4e6024444,high_quality,"高质量",1772098148,441,325,33596.80,147,0,89,""
0xc31d4f7cde88ad1098d49d0e95c4aab79e7e4444,high_quality,"高质量",1772099185,968,686,86438.20,284,0,89,""
0x01e643e52a701516089b475a52937f4ec7084444,fake_pump,"流水盘",1772158744,50,15,242.53,15,0,89,""
0xaa43cef2865873a07879533702f883adeb804444,fake_pump,"流水盘",1772104203,31,27,796.87,25,0,86,""
0xe6a3600e4d5b2e297c41e4cf1eda9306bd627777,fake_pump,"流水盘",1772087846,2,2,5667.00,2,0,57,""
0x2dd475fd9c3671111bebd43f387b2d88e3be7777,low_quality,"低质量",1772109306,35,32,8527.78,32,0,82,""
0xee6eff5854cb50b344e495728ef188fad4fa7777,high_quality,"高质量",1772109775,0,0,0.00,0,,,""
0x541b8eeb63b487f5a3798a3c03828821b5647777,mid_quality,"中质量",1772103318,76,55,5377.87,41,0,89,""
0xe91c19376a3a8867bc47e5a4aa7ff3594d8b7777,mid_quality,"中质量",1772109887,24,23,1908.27,16,0,87,""
0x3722b9356b443a8d89261ccadae5a80fd1974444,low_quality,"低质量",1772160589,26,20,1594.07,15,0,76,""
0xa7211c458d82fe2c28d2c8a64529c68fb1b57777,low_quality,"低质量",1772160687,4,4,560.07,4,0,3,""
0x60236883625deb54fd3c3327ab9f5e80f7804444,low_quality,"低质量",1772160846,258,160,16158.27,80,0,89,""
0x13b607d654387a52b99bb5fb17c88215bcb74444,high_quality,"高质量",1772161391,264,214,20864.13,100,0,89,""
0xa217d843c0dfa54a5ca9440bc2d08d7a6e434444,fake_pump,"流水盘",1772162019,24,22,1903.50,21,0,84,""
0x9c5d527eb23db022d9f08d72aac1898bb1a07777,high_quality,"高质量",1772130025,0,0,0.00,0,,,""
0xf0fc3996f84d38a0c88777787c42f1d2fd747777,mid_quality,"中质量",1772121965,64,54,7349.04,41,0,89,""
0x096c4747163d7c5f4c1585ead247f41741874444,fake_pump,"流水盘",1772119001,69,26,566.59,25,0,89,""
0x411d4259dc1de2c97b3382388f4b32a30cdb7777,mid_quality,"中质量",1772122369,13,9,1666.35,8,0,58,""
0xc6de7252fbc6a387d0df15ec269499f5c0327777,mid_quality,"中质量",1772118824,32,30,1721.48,17,0,86,""
0xeb286aaa6253a58f27636e839dea7f714cf37777,low_quality,"低质量",1772126701,27,24,3046.01,19,0,87,""
0xf1559dabc3d93abf0699998797ff06d05f9a7777,fake_pump,"流水盘",1772124139,13,11,784.76,11,0,81,""
0xfb6b9d62723bed3bba11d3b05eab3384bdb67777,fake_pump,"流水盘",1772118281,38,35,3408.43,28,0,84,""
0x2351d3107fbdf252881a80241ef921459bce4444,low_quality,"低质量",1772168513,100,68,7478.50,36,0,84,""
0x04d7889e4d0a257a180caba2a76727ae8f874444,low_quality,"低质量",1772169643,169,125,13108.99,61,0,88,""
0x14a132fcd7b8442f92ed75f19d0d904c8dab4444,low_quality,"低质量",1772170314,43,33,1811.47,22,0,89,""
0x85506f058aa831f579a972eb20fd6a4fb8fb7777,mid_quality,"中质量",1772078593,138,116,13798.15,65,0,89,""
0x52884f8db63d17a8e0a2a39580219003f7e34444,mid_quality,"中质量",1772171302,126,104,12429.66,60,0,89,""
0xbe2bec64361c221187a9cfeb59f6e4f3cf7d4444,low_quality,"低质量",1772078710,107,82,7533.26,37,0,89,""
0x81dee5b58e10196f6b9e25b208bd230ffd007777,high_quality,"高质量",1772035943,0,0,0.00,0,,,""
0xe235b1446ce86ab84816a9f6ec297a40a4a77777,mid_quality,"中质量",1772014084,2,2,417.94,2,0,7,""
0x9ad34e69e6cef01c5f4b02d1a6395f20928e4444,fake_pump,"流水盘",1772079664,1,1,209.49,1,0,0,""
0xd1431f94bcdeb03df86d9d2817fc3c2047437777,high_quality,"高质量",1772029736,0,0,0.00,0,,,""
0x9cfa29294e91ea052a99f4d183ee51b3f5864444,low_quality,"低质量",1772079868,251,206,23406.92,98,0,89,""
0xbd6a2d2d923134a76e68d27b5cadcc1aad4a4444,low_quality,"低质量",1772079934,60,51,4931.52,29,0,89,""
0x5d4836a9ebd2cdd61394b18ad9885d8028974444,fake_pump,"流水盘",1772079887,45,23,621.43,23,0,89,""
0x409eceb9f81bad16846f3db3b98a4cc7507c4444,low_quality,"低质量",1772080397,288,231,22750.46,108,0,89,""
0x6f8b4f2438ff954c0cd004c763c3f395e74f7777,low_quality,"低质量",1772027954,0,0,0.00,0,,,""
0xa8cf04abffcef79cfcce135408f4e6846dc57777,mid_quality,"中质量",1772029999,9,9,1023.54,9,0,44,""
0x91ab81653e4960044851c8caae2bd2bee0037777,mid_quality,"中质量",1772029426,80,58,5741.32,36,0,89,""
0x310211082341f662d6ef23a61381cfcd81f6ffff,mid_quality,"中质量",1772080608,208,187,21327.63,103,0,89,""
0x27b549aab9a03a572921433bf6b4658977007777,low_quality,"低质量",1772034404,17,16,1690.66,11,0,87,""
0x0a763e3e6cdb8a22df9e5ca69a130547e0254444,fake_pump,"流水盘",1772080879,12,8,293.59,8,0,89,""
0xefea32cb34f065d14200070640866f708d4b4444,fake_pump,"流水盘",1772081315,34,31,3814.50,31,0,88,""
0x52d5b6d0e9625565e37c0213e2d1fac3d63d7777,fake_pump,"流水盘",1772042424,27,26,2458.68,25,0,72,""
0x7fe25e648565fb64cd9916b86f36f92e5d947777,fake_pump,"流水盘",1772047702,1,1,63.10,1,0,0,""
0x56b2c52d85caa041f4128424e4d2b9879b964444,fake_pump,"流水盘",1772191121,81,75,3356.70,72,0,88,""
0x106f9d9bcbe76ad562517dafdab2987cd6e24444,fake_pump,"流水盘",1772185730,7,6,617.47,5,0,85,""
0x5ec890274595b7e247d4308c771e3b91f2704444,low_quality,"低质量",1772186431,139,123,13583.24,73,0,88,""
0xc5f8bed9e135198dcf34e355eaed089941fd4444,fake_pump,"流水盘",1772082253,55,27,699.09,25,0,89,""
0x0640c8dc25d3b7f65f3a4f354770443e16467777,fake_pump,"流水盘",1772172177,3,2,5702.05,2,0,88,""
0xb1f665b02b8b2cb8f19efe6c150df9b38ce84444,high_quality,"高质量",1772172381,132,115,11471.57,58,0,89,""
0xdc99895ed68634f23f6a44c777c73603c3014444,fake_pump,"流水盘",1772083235,54,28,667.53,28,0,86,""
0xab9370f32ea2b7b46d385650ea828187985d7777,low_quality,"低质量",1772083277,8,2,5682.73,2,0,63,""
0xc7aa1fe7a92789fa52c06839ba2669cd23754444,mid_quality,"中质量",1772083493,16,15,1915.05,9,0,89,""
0x9bdc95d5eed41d238290a21453f39d402f1b4444,fake_pump,"流水盘",1772083649,4,4,91.99,3,0,10,""
0x167315be60caafde69183d35b3f1501ea5677777,high_quality,"高质量",1772172535,1,1,63.14,1,0,0,""
0x0e1d2e49b7072319b3d7cf0c0f063399ae624444,low_quality,"低质量",1772084010,66,53,5563.35,31,0,89,""
0x849e48e96d15077cbba020b4a95f43d746054444,mid_quality,"中质量",1772084038,31,25,1751.40,19,0,89,""
0x0e0b0f1fd10c481984740b82cbcc1b128e144444,fake_pump,"流水盘",1772084389,45,5,330.76,5,0,89,""
0xbe8164851488cee414d536b4acf52b3de24a4444,low_quality,"低质量",1772084703,78,52,6956.41,31,0,89,""
0x27751060fcc31d9a8006196f3186b51a72814444,low_quality,"低质量",1772084682,135,83,9205.84,48,0,89,""
0xbebe02ad441663711af1e98c1366daa00a174444,low_quality,"低质量",1772172854,23,18,1838.71,13,0,89,""
0x91334fbe5d022a4a96b1a1ebbcd4d1dd03da4444,fake_pump,"流水盘",1772085674,58,26,592.76,23,0,89,""
0x02e5984eba65663083ee54403f6deb3cf3494444,low_quality,"低质量",1772085719,312,204,23049.25,87,0,88,""
0x99ad42b7af266a55b607c900a55a4b00ef96ffff,high_quality,"高质量",1772085728,20,18,3142.84,18,0,81,""
0x4a97ebf5cec8ee05d34064857c343484a68e4444,low_quality,"低质量",1772085864,144,84,8376.39,32,0,88,""
0x0d3eb8b0aa3f02032e34f53c56bc45a1da514444,fake_pump,"流水盘",1772085969,36,22,1035.27,19,0,85,""
0x00042e6cb97298d5c08750b387dd03fc05f94444,fake_pump,"流水盘",1772086013,45,22,547.62,18,0,87,""
0x68b0992621d90f26e488f03394049b3246fb4444,mid_quality,"中质量",1772191670,267,203,22136.99,109,0,89,""
0xe4618bbef2cfe62d33dfc40cbcd81cbd0c6a4444,low_quality,"低质量",1772191860,7,6,1029.35,4,0,73,""
0x2a0013fbbfb3e251744153a885a9482e4aa3ffff,low_quality,"低质量",1772192003,284,248,26238.16,120,0,89,""
0x5c09ff14baf30af8a3dd1e1ae3a6f2ea31574444,low_quality,"低质量",1772086467,145,106,13233.48,47,0,89,""
0x2faa39abada823a8284aa530f8a6686680254444,high_quality,"高质量",1772192222,12,11,1575.82,9,0,88,""
0x19954d6ec04f72c6fe0bd5330d3c12f6e76f4444,low_quality,"低质量",1772192305,62,51,6014.12,23,0,89,""
0x74de2492bb7debe80b014ad9da6daf9d76614444,low_quality,"低质量",1772192763,89,82,9766.18,34,0,86,""
0x426fa7bf8badbbbe1fb37f6c3bdfc3b5e0654444,low_quality,"低质量",1772186934,37,24,2894.66,15,0,87,""
0x414ac8304710cf91bb5302a89f47c29d5b724444,fake_pump,"流水盘",1772086876,21,19,2192.85,18,0,43,""
0xd4ea3d81f2199c6c475b3f97bf9a93be44e64444,low_quality,"低质量",1772192887,80,18,1137.60,11,0,87,""
0x894128625601a8f089a208481a33ed85cf124444,mid_quality,"中质量",1772192886,795,630,63908.63,295,0,89,""
0x288cba3a036b87e793b84483eaadf58a52c54444,low_quality,"低质量",1772193056,72,20,300.28,20,0,87,""
0x6b79f47cdb4b9cff726cd02ded5af41f2a6e4444,low_quality,"低质量",1772087429,69,53,6403.87,32,0,88,""
0xa62fa54e88387ad2991b7e092f8475b27ed84444,low_quality,"低质量",1772193310,55,14,227.39,14,0,84,""
0x7463b839652dfb30f596c8bb57a1251c231b7777,low_quality,"低质量",1772087309,17,16,1580.93,13,0,53,""
0x32846b9b8f1c3aa8a86b0c18b50998b737ad4444,fake_pump,"流水盘",1772124448,3,1,2048.70,1,0,88,""
0x6c27c08dfb1e0d3c0d77f2487dc49a44a7074444,mid_quality,"中质量",1772124454,90,70,8542.34,46,0,89,""
0x998504ed5b0b59c81932cd899b39d4e0cf3e7777,low_quality,"低质量",1772088014,37,31,3521.24,14,0,80,""
0x0550d9fcfa86bdc4a5cd665746d11d65b7e84444,low_quality,"低质量",1772173948,41,31,3534.17,20,0,88,""
0x9ae27d0181cefd9894d403cc44166422c4014444,fake_pump,"流水盘",1772124477,43,16,390.09,12,0,88,""
0x2815d2fe6248a31711ad051681e34aeb62194444,fake_pump,"流水盘",1771868255,39,35,4284.65,34,0,89,""
0x466377bab24db5712922c6a25fe3ebdc36274444,low_quality,"低质量",1772174010,75,40,6643.47,25,0,89,""
0x674f7e95afe7ea046832a9743b81742a967f4444,low_quality,"低质量",1772174051,242,171,17949.00,92,0,89,""
0x681434e2a77701071be2df53e45c44cb5f097777,mid_quality,"中质量",1771897987,15,15,678.42,10,0,40,""
0xed62dc646cf69fdc6198dfb0e698b63dea677777,mid_quality,"中质量",1771910098,7,7,1712.81,4,0,89,""
0x13436da507639c78d90a66cf2a29c7183190ffff,mid_quality,"中质量",1772088530,240,202,16640.00,95,0,89,""
0x16f1344ad0fc956d51143ce6fcbb144fe2a17777,mid_quality,"中质量",1771919132,3,1,1177.37,1,0,72,""
0x2fbee5e7dd23c2daf47bddfc042f9a1d471e4444,mid_quality,"中质量",1771910331,114,91,9335.94,47,0,89,""
0x597a8337ac8373e1ca3cdb7355b0ee66a3e34444,fake_pump,"流水盘",1771857095,77,42,1369.15,34,0,89,""
0x6e9d1a29a15522e06ee82f4b0642685b8b274444,mid_quality,"中质量",1772088929,18,15,1980.03,9,0,85,""
0x2a0e3706b7439e295b9a0295289368b199587777,mid_quality,"中质量",1771911910,42,31,3459.01,29,0,89,""
0x6595bd9cde76a96f578a8bc04e96c852fc124444,mid_quality,"中质量",1771908589,195,136,13483.06,71,0,89,""
0x692e85637eded0b84e1e028efe16b16a4dff4444,mid_quality,"中质量",1771904247,15,12,964.67,7,0,88,""
0x21437d36caf69cf36170acd32c6ba0266e4c7777,mid_quality,"中质量",1771865936,10,9,473.26,8,0,75,""
0xdd4901e7a70df134a58fe7ac12fb5ea971927777,fake_pump,"流水盘",1771864118,19,19,1911.94,16,0,50,""
0x4034bc490ac2eefe0dfac8efcb5ed99dcaf37777,mid_quality,"中质量",1771861178,6,4,489.44,4,0,86,""
0x1161a3750451bccc07c4e0f1b0166b9c78694444,fake_pump,"流水盘",1771859620,70,38,1456.54,28,0,89,""
0x65a0d93f6c99eddadd67e6159af512ff1d6d7777,mid_quality,"中质量",1772089062,19,14,1113.00,11,0,89,""
0xb27ee82d52e741b11d87993fc244978e834bffff,mid_quality,"中质量",1771887192,28,23,2118.18,16,0,87,""
0x5252b73af52d840e5eec997bb9bf34864ffe7777,fake_pump,"流水盘",1771923189,81,71,8019.53,51,0,87,""
0xa191eb14372bd5530cbcfbed5f8e8934ed144444,mid_quality,"中质量",1772089916,26,22,1855.00,15,0,88,""
0x7320152ccc9f7667fa7b9dec62a2148838bb7777,mid_quality,"中质量",1771911454,40,31,5115.22,18,0,89,""
0x012488feb6fd0dc22c57a3963ffc3d7586d87777,low_quality,"低质量",1771915790,6,5,1139.16,5,0,80,""
0x775ef48abe85c741c4317660909d771b7dbb4444,low_quality,"低质量",1771898697,6,4,492.41,3,0,89,""
0xda99895274857ccc9bcbb35d0b07e675ec407777,mid_quality,"中质量",1771901170,31,25,2172.32,18,0,79,""